isin,currency,signal_creation_date,signal_value,signal_rank,is_in_port,open_price_at_trade_entry,open_price_at_trade_exit,asset_rt
CH0012214059,CHF,2026-09-29,4.04,1,0,67.64,68.9,0.018628030751034967
CH1499059983,CHF,2026-09-29,3.38,2,0,354.0,350.1,-0.011016949152542308
CH0030170408,CHF,2026-09-29,2.98,3,0,549.8,554.4,0.008366678792288147
CH0418792922,CHF,2026-09-29,2.15,4,0,185.1,182.3,-0.015126958400864306
CH0038863350,CHF,2026-09-29,2.11,5,0,76.76,76.2,-0.007295466388744167
CH0012221716,CHF,2026-09-29,1.67,6,0,78.26,80.92,0.033989266547406034
CH0010645932,CHF,2026-09-29,0.43,7,0,3409.0,3458.0,0.014373716632443531
CH0008038389,CHF,2026-09-29,-0.89,8,0,123.5,122.5,-0.008097165991902834
CH0024608827,CHF,2026-09-29,-2.76,9,0,599.0,595.0,-0.00667779632721202
CH0011075394,CHF,2026-09-29,-3.5,10,0,576.0,574.8,-0.0020833333333334122
CH0126881561,CHF,2026-09-29,-3.75,11,0,142.44,141.26,-0.00828418983431625
CH0244767585,CHF,2026-09-29,-4.98,12,0,40.33,40.64,0.007686585668237101
CH0210483332,CHF,2026-09-29,,13,0,174.54,177.16,0.015010885756846596
CH0012005267,CHF,2026-09-29,,14,0,121.4,121.8,0.0032948929159801604
FR0000052292,EUR,2026-09-29,4.17,1,0,1375.6,1347.6,-0.020354754289037512
FR0000125486,EUR,2026-09-29,3.08,2,0,108.12,108.5,0.00351461339252678
FR0000120628,EUR,2026-09-29,1.12,3,0,43.85,43.57,-0.0063854047890536175
FR0000121972,EUR,2026-09-29,0.48,4,0,294.5,296.16,0.005636672325976316
FR0000120321,EUR,2026-09-29,0.3,5,0,384.9,382.2,-0.0070148090413094015
FR0000073272,EUR,2026-09-29,0.26,6,0,333.1,334.7,0.004803362353647451
NL0010273215,EUR,2026-09-29,0.23,7,0,1560.0,1610.0,0.03205128205128205
NL0013654783,EUR,2026-09-29,-0.46,8,0,36.166,35.906,-0.0071890726096333025
DE0007164600,EUR,2026-09-29,-0.59,9,0,183.22,184.5,0.006986136884619589
ES0113900J37,EUR,2026-09-29,-0.94,10,0,12.688,12.55,-0.0108764186633039
DE0008430026,EUR,2026-09-29,-0.96,11,0,511.6,509.0,-0.005082095387021155
DE0007236101,EUR,2026-09-29,-0.96,12,0,279.0,282.2,0.011469534050179172
DE000ENER6Y0,EUR,2026-09-29,-1.59,13,0,141.28,146.14,0.03439977349943364
DE0005552004,EUR,2026-09-29,-1.69,14,0,57.2,57.58,0.006643356643356564
DE0008404005,EUR,2026-09-29,-2.25,15,0,426.3,423.0,-0.0077410274454609695
ES0148396007,EUR,2026-09-29,-2.29,16,0,53.26,53.26,0.0
DE0005557508,EUR,2026-09-29,-2.36,17,0,26.63,26.4,-0.008636875704093144
NL0000235190,EUR,2026-09-29,-5.1,18,0,194.22,190.54,-0.018947585212645487
GB00BP6MXD84,EUR,2026-09-29,-6.04,19,0,42.646,41.966,-0.01594522346761712
FR0000131104,EUR,2026-09-29,-13.18,20,0,98.61,97.49,-0.011357874454923481
FR0000120073,EUR,2026-09-29,,21,0,167.5,168.8,0.0077611940298508144
FR0000121014,EUR,2026-09-29,,22,0,399.5,395.56,-0.009862327909887354
DE0007030009,EUR,2026-09-29,,23,0,967.0,955.0,-0.012409513960703205
FR0000120578,EUR,2026-09-29,,24,0,72.12,71.77,-0.004853022739878099
BE0974293251,EUR,2026-09-29,,25,0,66.5,65.76,-0.011127819548872103
FR0010208488,EUR,2026-09-29,,26,0,23.18,23.05,-0.005608283002588395
FR0000121667,EUR,2026-09-29,,27,0,146.84,144.96,-0.012803050939798388
FR0000120271,EUR,2026-09-29,,28,0,79.48,76.98,-0.03145445395067942
NL0011821202,EUR,2026-09-29,,29,0,31.9,31.86,-0.001253918495297779
