creation_date,stock_name,isin,exchange_name,currency,signal
2026-10-08,ZURICH INSURANCE GROUP,CH0011075394,Six Swiss Exchange,CHF,5.18
2026-10-08,DEUTSCHE TELEKOM,DE0005557508,XETRA,EUR,4.42
2026-10-08,ALLIANZ,DE0008404005,XETRA,EUR,2.31
2026-10-08,ESSILORLUXOTTICA,FR0000121667,Euronext Paris,EUR,2.0
2026-10-08,SIEMENS,DE0007236101,XETRA,EUR,1.9
2026-10-08,AXA,FR0000120628,Euronext Paris,EUR,1.84
2026-10-08,SAP,DE0007164600,XETRA,EUR,1.16
2026-10-08,MUENCHENER RUECK,DE0008430026,XETRA,EUR,0.92
2026-10-08,ROCHE PS,CH1499059983,Six Swiss Exchange,CHF,0.82
2026-10-08,ABB,CH0012221716,Six Swiss Exchange,CHF,0.7
2026-10-08,DEUTSCHE POST,DE0005552004,XETRA,EUR,0.32
2026-10-08,BANCO SANTANDER,ES0113900J37,BME Exchange,EUR,0.12
2026-10-08,ING GRP,NL0011821202,Euronext Amsterdam,EUR,-0.29
2026-10-08,SAFRAN,FR0000073272,Euronext Paris,EUR,-0.41
2026-10-08,SIEMENS ENERGY,DE000ENER6Y0,XETRA,EUR,-0.48
2026-10-08,GIVAUDAN,CH0010645932,Six Swiss Exchange,CHF,-0.55
2026-10-08,NESTLE,CH0038863350,Six Swiss Exchange,CHF,-0.68
2026-10-08,VINCI,FR0000125486,Euronext Paris,EUR,-0.73
2026-10-08,PROSUS,NL0013654783,Euronext Amsterdam,EUR,-0.82
2026-10-08,LVMH MOET HENNESSY,FR0000121014,Euronext Paris,EUR,-2.67
2026-10-08,INDUSTRIA DE DISENO TEXTIL SA,ES0148396007,BME Exchange,EUR,-2.91
2026-10-08,AIRBUS,NL0000235190,Euronext Paris,EUR,-3.29
2026-10-08,SWISS REINSURANCE COMPANY,CH0126881561,Six Swiss Exchange,CHF,-4.2
2026-10-08,SWISS PRIME SITE,CH0008038389,Six Swiss Exchange,CHF,-5.53
2026-10-08,PARTNERS GRP HLDG,CH0024608827,Six Swiss Exchange,CHF,-6.26
2026-10-08,GEBERIT,CH0030170408,Six Swiss Exchange,CHF,-11.92
2026-10-08,SIKA,CH0418792922,Six Swiss Exchange,CHF,-11.99
2026-10-08,NOVARTIS,CH0012005267,Six Swiss Exchange,CHF,
2026-10-08,UBS GROUP,CH0244767585,Six Swiss Exchange,CHF,
2026-10-08,CIE FINANCIERE RICHEMONT,CH0210483332,Six Swiss Exchange,CHF,
2026-10-08,ASML HLDG,NL0010273215,Euronext Amsterdam,EUR,
2026-10-08,SHELL,GB00BP6MXD84,Euronext Amsterdam,EUR,
2026-10-08,TOTALENERGIES,FR0000120271,Euronext Paris,EUR,
2026-10-08,SCHNEIDER ELECTRIC,FR0000121972,Euronext Paris,EUR,
2026-10-08,AIR LIQUIDE,FR0000120073,Euronext Paris,EUR,
2026-10-08,SANOFI,FR0000120578,Euronext Paris,EUR,
2026-10-08,BNP PARIBAS,FR0000131104,Euronext Paris,EUR,
2026-10-08,LOREAL,FR0000120321,Euronext Paris,EUR,
2026-10-08,RHEINMETALL,DE0007030009,XETRA,EUR,
2026-10-08,ANHEUSER-BUSCH INBEV,BE0974293251,Euronext Brussels,EUR,
2026-10-08,HERMES INTERNATIONAL,FR0000052292,Euronext Paris,EUR,
2026-10-08,HOLCIM,CH0012214059,Six Swiss Exchange,CHF,
2026-10-08,ENGIE,FR0010208488,Euronext Paris,EUR,
